[
    {
        "name":"DIY Bases",
        "image":"",
        "mainCategory":"Rasin Art"
    },
    {
        "name":"Resin Art",
        "image":"",
        "mainCategory":"Rasin Art"
    },
    {
        "name":"Welldecor",
        "image":"",
        "mainCategory":"Rasin Art"
    },
    {
        "name":"DIY Under 99",
        "image":"",
        "mainCategory":"Decoupag"
    },
    {
        "name":"Birds",
        "image":"",
        "mainCategory":"MDF Bases"
    },
    {
        "name":"Animals",
        "image":"",
        "mainCategory":"MDF Bases"
    },
    {
        "name":"Wall Decor",
        "image":"",
        "mainCategory":"Lippan Art"
    },
    {
        "name":"Bookends",
        "image":"",
        "mainCategory":"Lippan Art"
    },
    {
        "name":"Return Gifts",
        "image":"",
        "mainCategory":"Sculpture Painting"
    },
    {
        "name":"Mirrors",
        "image":"",
        "mainCategory":"Sculpture Painting"
    },
    {
        "name":"Best Selling Cutouts",
        "image":"",
        "mainCategory":"Macrame"
    },
    {
        "name":"Best Selling Pre Marked Products",
        "image":"",
        "mainCategory":"Macrame"
    }
]