[
    {
        "name":"Rasin Art",
        "image":""
    },
    {
        "name":"Decoupag",
        "image":""
    },
    {
        "name":"MDF Bases",
        "image":""
    },
    {
        "name":"Lippan Art",
        "image":""
    },
    {
        "name":"Sculpture Painting",
        "image":""
    },
    {
        "name":"Paper Crafting",
        "image":""
    },
    {
        "name":"Macrame",
        "image":""
    },
    {
        "name":"Crafting",
        "image":""
    }
]