[
    {
        "name": "Product_1",
        "price": 380,
        "images":["/images/Products/product-1.jpg","/images/Products/product-2.jpg"],
        "description": "Praesent ullamcorper erat eu mattis commodo. Sed elementum lacinia massa eu hendrerit. Vestibulum auctor metus lectus, vitae convallis turpis sodales quis.",
        "discount":13,
        "quantity":10,
        "category":"DIY Bases",
        "mainCategory":"Rasin Art",
        "subCategory":"Plain DIY Bases",
        "details":"",
        "origin":"India"
    },
    {
        "name": "Product_2",
        "price": 380,
        "images":["/images/Products/product-2.jpg","/images/Products/product-4.jpg"],
        "description": "Praesent ullamcorper erat eu mattis commodo. Sed elementum lacinia massa eu hendrerit. Vestibulum auctor metus lectus, vitae convallis turpis sodales quis.",
        "discount":15,
        "quantity":10,
        "category":"DIY Bases",
        "mainCategory":"Rasin Art",
        "subCategory":"Plain DIY Bases",
        "details":"",
        "origin":"India"
    },
    {
        "name": "Product_1",
        "price": 380,
        "images":["/images/Products/product-2.jpg","/images/Products/product-1.jpg"],
        "description": "Praesent ullamcorper erat eu mattis commodo. Sed elementum lacinia massa eu hendrerit. Vestibulum auctor metus lectus, vitae convallis turpis sodales quis.",
        "discount":0,
        "quantity":10,
        "category":"Resin Art",
        "mainCategory":"Rasin Art",
        "subCategory":"",
        "details":"",
        "origin":"India"
    },
    {
        "name": "Product_3",
        "price": 380,
        "images":["/images/Products/product-2.jpg","/images/Products/product-1.jpg"],
        "description": "Praesent ullamcorper erat eu mattis commodo. Sed elementum lacinia massa eu hendrerit. Vestibulum auctor metus lectus, vitae convallis turpis sodales quis.",
        "discount":10,
        "quantity":10,
        "category":"Welldecor",
        "mainCategory":"Rasin Art",
        "subCategory":"",
        "details":"",
        "origin":"India"
    },
    {
        "name": "Product_4",
        "price": 360,
        "images":["/images/Products/product-3.jpg"],
        "description": "Praesent ullamcorper erat eu mattis commodo. Sed elementum lacinia massa eu hendrerit. Vestibulum auctor metus lectus, vitae convallis turpis sodales quis.",
        "discount":0,
        "quantity":10,
        "category":"Welldecor",
        "mainCategory":"Rasin Art",
        "subCategory":"",
        "details":"",
        "origin":"India"
    },
    {
        "name": "Product_5",
        "price": 380,
        "images":["/images/Products/product-3.jpg","/images/Products/product-1.jpg"],
        "description": "Praesent ullamcorper erat eu mattis commodo. Sed elementum lacinia massa eu hendrerit. Vestibulum auctor metus lectus, vitae convallis turpis sodales quis.",
        "discount":17,
        "quantity":10,
        "category":"Welldecor",
        "mainCategory":"Rasin Art",
        "subCategory":"",
        "details":"",
        "origin":"India"
    },
    {
        "name": "Product_6",
        "price": 380,
        "images":["/images/Products/product-1.jpg"],
        "description": "Praesent ullamcorper erat eu mattis commodo. Sed elementum lacinia massa eu hendrerit. Vestibulum auctor metus lectus, vitae convallis turpis sodales quis.",
        "discount":0,
        "quantity":10,
        "category":"Resin Art",
        "mainCategory":"Rasin Art",
        "subCategory":"",
        "details":"",
        "origin":"India"
    },
    {
        "name": "Product_7",
        "price": 360,
        "images":["/images/Products/product-3.jpg"],
        "description": "Praesent ullamcorper erat eu mattis commodo. Sed elementum lacinia massa eu hendrerit. Vestibulum auctor metus lectus, vitae convallis turpis sodales quis.",
        "discount":17,
        "quantity":10,
        "category":"DIY Under 99",
        "mainCategory":"Decoupag",
        "subCategory":"",
        "details":"",
        "origin":"India"
    },
    {
        "name": "Product_8",
        "price": 380,
        "images":["/images/Products/product-1.jpg","/images/Products/product-2.jpg"],
        "description": "Praesent ullamcorper erat eu mattis commodo. Sed elementum lacinia massa eu hendrerit. Vestibulum auctor metus lectus, vitae convallis turpis sodales quis.",
        "discount":0,
        "quantity":10,
        "category":"Birds",
        "mainCategory":"MDF Bases",
        "subCategory":"Bees",
        "details":"",
        "origin":"India"
    },
    {
        "name": "Product_9",
        "price": 380,
        "images":["/images/Products/product-2.jpg"],
        "description": "Praesent ullamcorper erat eu mattis commodo. Sed elementum lacinia massa eu hendrerit. Vestibulum auctor metus lectus, vitae convallis turpis sodales quis.",
        "discount":18,
        "quantity":10,
        "category":"Animals",
        "mainCategory":"MDF Bases",
        "subCategory":"",
        "details":"",
        "origin":"India"
    },
    {
        "name": "Product_10",
        "price": 380,
        "images":["/images/Products/product-1.jpg","/images/Products/product-2.jpg"],
        "description": "Praesent ullamcorper erat eu mattis commodo. Sed elementum lacinia massa eu hendrerit. Vestibulum auctor metus lectus, vitae convallis turpis sodales quis.",
        "discount":0,
        "quantity":10,
        "category":"Resin Art1",
        "mainCategory":"Rasin Art",
        "subCategory":"",
        "details":"",
        "origin":"India"
    },
    {
        "name": "Product_12",
        "price": 360,
        "images":["/images/Products/product-3.jpg"],
        "description": "Praesent ullamcorper erat eu mattis commodo. Sed elementum lacinia massa eu hendrerit. Vestibulum auctor metus lectus, vitae convallis turpis sodales quis.",
        "discount":8,
        "quantity":10,
        "category":"Wall Decor",
        "mainCategory":"Lippan Art",
        "subCategory":"",
        "details":"",
        "origin":"India"
    },
    {
        "name": "Product_13",
        "price": 380,
        "images":["/images/Products/product-2.jpg"],
        "description": "Praesent ullamcorper erat eu mattis commodo. Sed elementum lacinia massa eu hendrerit. Vestibulum auctor metus lectus, vitae convallis turpis sodales quis.",
        "discount":12,
        "quantity":10,
        "category":"DIY Bases",
        "mainCategory":"Rasin Art",
        "subCategory":"Plain DIY Bases",
        "details":"",
        "origin":"India"
    },
    {
        "name": "Product_14",
        "price": 380,
        "images":["/images/Products/product-4.jpg"],
        "description": "Praesent ullamcorper erat eu mattis commodo. Sed elementum lacinia massa eu hendrerit. Vestibulum auctor metus lectus, vitae convallis turpis sodales quis.",
        "discount":0,
        "quantity":10,
        "category":"Bookends",
        "mainCategory":"Lippan Art",
        "subCategory":"",
        "details":"",
        "origin":"India"
    },
    {
        "name": "Product_15 ",
        "price": 360,
        "images":["/images/Products/product-3.jpg"],
        "description": "Praesent ullamcorper erat eu mattis commodo. Sed elementum lacinia massa eu hendrerit. Vestibulum auctor metus lectus, vitae convallis turpis sodales quis.",
        "discount":21,
        "quantity":10,
        "category":"Resin Art",
        "mainCategory":"Rasin Art",
        "subCategory":"",
        "details":"",
        "origin":"India"
    }
    
]